subreddit,pulled_postings,total_postings,times_created,anchor
nhl,100,1100,Mon Oct  7 08:46:13 2024,t3_1f9693y
nhl,100,1100,Mon Oct  7 08:47:19 2024,t3_1f9693y
nhl,100,1100,Mon Oct  7 08:48:06 2024,t3_1f9693y
nhl,100,1100,Mon Oct  7 08:48:11 2024,t3_1f9693y
nhl,100,1100,Mon Oct  7 08:48:17 2024,t3_1f9693y
nhl,100,1100,Mon Oct  7 08:48:22 2024,t3_1f9693y
nhl,100,1100,Mon Oct  7 08:48:25 2024,t3_1f9693y
nhl,100,1100,Mon Oct  7 08:48:51 2024,t3_1f9693y
nhl,100,1100,Mon Oct  7 08:49:05 2024,t3_1f9693y
nhl,100,1100,Mon Oct  7 08:49:14 2024,t3_1f9693y
nhl,100,1200,Mon Oct  7 08:53:05 2024,t3_1et3bbe
nhl,100,1300,Mon Oct  7 08:53:08 2024,t3_1eacwsk
nhl,100,1400,Mon Oct  7 08:53:11 2024,t3_1dwk3rw
nhl,100,1500,Mon Oct  7 08:53:14 2024,t3_1drpkmt
nhl,100,1600,Mon Oct  7 08:53:17 2024,t3_1dlkr01
nhl,100,1700,Mon Oct  7 08:53:20 2024,t3_1dflbsc
nhl,102,1835,Mon Oct  7 08:53:24 2024,t3_1fn9f89
nhl,100,1935,Mon Oct  7 08:53:28 2024,t3_1fegppr
nhl,100,2035,Mon Oct  7 08:53:32 2024,t3_1ey6hpt
nhl,100,2135,Mon Oct  7 08:53:36 2024,t3_1ef5n0a
nfl,100,2135,Mon Oct  7 10:52:28 2024,t3_1fw8c8s
nfl,100,2135,Mon Oct  7 10:53:14 2024,t3_1fw8c8s
nfl,100,2135,Mon Oct  7 10:53:21 2024,t3_1fw8c8s
nfl,100,2135,Mon Oct  7 10:53:24 2024,t3_1fw8c8s
nfl,100,2135,Mon Oct  7 10:53:28 2024,t3_1fw8c8s
nfl,100,2135,Mon Oct  7 10:53:31 2024,t3_1fw8c8s
nfl,100,2135,Mon Oct  7 10:53:34 2024,t3_1fw8c8s
nfl,100,2135,Mon Oct  7 10:53:37 2024,t3_1fw8c8s
nfl,100,2135,Mon Oct  7 10:53:40 2024,t3_1fw8c8s
nfl,100,2135,Mon Oct  7 10:53:44 2024,t3_1fw8c8s
nfl,100,2135,Mon Oct  7 14:30:37 2024,t3_1fvptvj
nfl,100,2135,Mon Oct  7 14:30:51 2024,t3_1fu6alj
nfl,100,2135,Mon Oct  7 14:31:18 2024,t3_1fu6alj
nfl,100,2135,Mon Oct  7 14:32:22 2024,t3_1fu6alj
nfl,100,2135,Mon Oct  7 14:33:28 2024,t3_1ftq3sr
nfl,31,2066,Mon Oct  7 14:33:56 2024,
nhl,27,27,Mon Oct  7 23:12:59 2024,t3_1fwqdy7
nhl,27,27,Mon Oct  7 23:51:45 2024,t3_1fwqdy7
nhl,100,127,Mon Oct  7 23:51:59 2024,t3_1fmb94i
nhl,100,227,Mon Oct  7 23:52:03 2024,t3_1fbn5my
nhl,100,327,Mon Oct  7 23:52:06 2024,t3_1ewo27w
nhl,100,427,Mon Oct  7 23:52:10 2024,t3_1ect1g8
nhl,100,527,Mon Oct  7 23:52:13 2024,t3_1dyse1m
nhl,100,627,Mon Oct  7 23:52:16 2024,t3_1dskua0
nhl,100,727,Mon Oct  7 23:52:19 2024,t3_1dp8rxc
nhl,100,827,Mon Oct  7 23:52:22 2024,t3_1dgw3k0
nhl,42,869,Mon Oct  7 23:52:23 2024,
nhl,102,971,Mon Oct  7 23:52:27 2024,t3_1fo1v16
nhl,1,1001,Mon Oct  7 23:52:28 2024,t3_1fldbgm
nfl,27,27,Mon Oct  7 23:55:22 2024,t3_1fyqszf
nfl,100,127,Mon Oct  7 23:56:37 2024,t3_1fxnhmk
nfl,100,227,Mon Oct  7 23:56:40 2024,t3_1fxxyez
nfl,100,327,Mon Oct  7 23:56:43 2024,t3_1fxoxkx
nfl,100,427,Mon Oct  7 23:56:45 2024,t3_1fx4d3j
nfl,100,527,Mon Oct  7 23:56:48 2024,t3_1fvfccl
nfl,100,627,Mon Oct  7 23:56:51 2024,t3_1fuomfx
nfl,97,724,Mon Oct  7 23:56:54 2024,
nfl,102,826,Mon Oct  7 23:56:57 2024,t3_1fy702k
nfl,100,926,Mon Oct  7 23:56:59 2024,t3_1fxtpgu
nfl,74,1000,Mon Oct  7 23:57:01 2024,t3_1fxlfh7
nhl,27,27,Sat Oct  5 00:28:42 2024,t3_1ftvg3b
nhl,27,27,Sat Oct  5 00:29:24 2024,t3_1ftvg3b
nhl,27,27,Sat Oct  5 00:30:11 2024,t3_1ftvg3b
nhl,100,100,Sat Oct  5 00:30:36 2024,t3_1fk745k
nhl,100,100,Sat Oct  5 00:31:09 2024,t3_1f8z3tf
nhl,100,100,Sat Oct  5 00:31:39 2024,t3_1eri1r0
nhl,100,100,Sat Oct  5 00:32:02 2024,t3_1eb9fq9
nhl,100,100,Sat Oct  5 00:32:46 2024,t3_1dw29ao
nhl,100,100,Sat Oct  5 00:33:07 2024,t3_1drquj0
nhl,100,100,Sat Oct  5 00:33:14 2024,t3_1dlmjbk
nhl,100,100,Sat Oct  5 00:33:43 2024,t3_1dfggsu
nhl,38,38,Sat Oct  5 00:33:57 2024,
nhl,102,102,Sat Oct  5 00:34:09 2024,t3_1fm3s08
nhl,100,100,Sat Oct  5 00:34:55 2024,t3_1fbzk0b
nfl,27,27,Sat Oct  5 00:37:40 2024,t3_1fw58f4
nfl,100,100,Sat Oct  5 00:37:55 2024,t3_1fvlhal
nfl,100,100,Sat Oct  5 00:38:53 2024,t3_1ftumti
nfl,100,100,Sat Oct  5 00:39:00 2024,t3_1ftepn2
nfl,100,100,Sat Oct  5 00:39:03 2024,t3_1ft1d24
nfl,100,100,Sat Oct  5 00:39:07 2024,t3_1fshnkw
nfl,100,100,Sat Oct  5 00:39:11 2024,t3_1fsajb8
nfl,100,100,Sat Oct  5 00:39:15 2024,t3_1fra8iw
nfl,12,12,Sat Oct  5 00:39:17 2024,
nfl,102,102,Sat Oct  5 00:39:22 2024,t3_1fvpjog
nfl,100,100,Sat Oct  5 00:39:48 2024,t3_1fuowd5
nfl,100,100,Sat Oct  5 00:39:54 2024,t3_1fte5lm
nfl,100,100,Sat Oct  5 00:40:30 2024,t3_1ftaycm
nhl,100,100,Sat Oct  5 00:40:45 2024,t3_1ewww37
nhl,100,100,Sat Oct  5 00:41:10 2024,t3_1ed0kun
nfl,100,100,Sat Oct  5 00:41:28 2024,t3_1fsg2zd
nhl,100,100,Sat Oct  5 00:41:36 2024,t3_1dynv99
nfl,100,100,Sat Oct  5 00:41:39 2024,t3_1fsf3yy
nhl,100,100,Sat Oct  5 00:41:42 2024,t3_1dsfwem
nhl,100,100,Sat Oct  5 00:41:45 2024,t3_1dnutbl
nfl,100,100,Sat Oct  5 00:41:51 2024,t3_1frmbek
nfl,37,37,Sat Oct  5 00:43:09 2024,
nhl,100,100,Sat Oct  5 09:05:35 2024,t3_1dgp3im
nhl,60,60,Sat Oct  5 09:07:09 2024,
nfl,102,102,Sat Oct  5 09:08:27 2024,t3_1fvrubc
nfl,100,100,Sat Oct  5 09:08:31 2024,t3_1funn9d
nfl,100,100,Sat Oct  5 09:09:50 2024,t3_1fsy7xp
nfl,100,100,Sat Oct  5 09:10:58 2024,t3_1fskv0d
nfl,100,100,Sat Oct  5 09:11:28 2024,t3_1fsag1m
nfl,100,100,Sat Oct  5 09:11:56 2024,t3_1fs7fr0
nfl,28,28,Sat Oct  5 22:12:26 2024,
nhl,102,102,Sat Oct  5 22:14:25 2024,t3_1fmc5yo
nhl,100,100,Sat Oct  5 22:14:47 2024,t3_1fcy0rf
nhl,100,100,Sat Oct  5 22:15:17 2024,t3_1ex2saq
nhl,100,100,Sat Oct  5 22:15:21 2024,t3_1edgqxz
nhl,100,100,Sat Oct  5 22:15:24 2024,t3_1dz96ye
nhl,100,100,Sat Oct  5 22:15:27 2024,t3_1dsbfo1
nhl,100,100,Sat Oct  5 22:15:29 2024,t3_1dns97z
nhl,100,100,Sat Oct  5 22:15:32 2024,t3_1dgz87c
nhl,63,63,Sat Oct  5 22:15:34 2024,
nhl,102,102,Sat Oct  5 22:15:37 2024,t3_1fmc5yo
nhl,100,100,Sat Oct  5 22:15:41 2024,t3_1fcy0rf
nhl,100,100,Sat Oct  5 22:15:44 2024,t3_1ex2saq
nfl,102,102,Sat Oct  5 22:16:49 2024,t3_1fvn18k
nhl,100,100,Sun Oct  6 09:53:11 2024,t3_1edgqxz
nfl,100,100,Sun Oct  6 09:54:50 2024,t3_1fvgaxu
nhl,27,27,Sun Oct  6 19:14:40 2024,t3_1fvglh4
nhl,100,127,Sun Oct  6 19:15:01 2024,t3_1fkqsw8
nhl,100,227,Sun Oct  6 19:15:05 2024,t3_1fa0ap2
nhl,100,327,Sun Oct  6 19:15:08 2024,t3_1eupqmf
nhl,100,427,Sun Oct  6 19:15:12 2024,t3_1ebdyoq
nhl,100,527,Sun Oct  6 19:15:16 2024,t3_1dxr6k7
nhl,100,627,Sun Oct  6 19:15:19 2024,t3_1ds2aga
nhl,100,727,Sun Oct  6 19:15:22 2024,t3_1dmkufk
nhl,100,827,Sun Oct  6 19:15:25 2024,t3_1dffuzr
nhl,41,868,Sun Oct  6 19:15:27 2024,
nhl,102,970,Sun Oct  6 19:15:30 2024,t3_1fnvsqr
nhl,30,1000,Sun Oct  6 19:15:31 2024,t3_1fkqrad
nfl,27,27,Sun Oct  6 19:15:54 2024,t3_1fxpr6z
nfl,100,127,Sun Oct  6 19:16:22 2024,t3_1fxpgvr
nfl,100,227,Sun Oct  6 19:16:25 2024,t3_1fxnx2d
nfl,100,327,Sun Oct  6 19:16:28 2024,t3_1fwd38h
nfl,100,427,Sun Oct  6 19:16:30 2024,t3_1fvsgvr
nfl,100,527,Sun Oct  6 19:16:33 2024,t3_1fuj3rw
nfl,100,627,Sun Oct  6 19:16:36 2024,t3_1ftdwlz
nfl,100,727,Sun Oct  6 19:16:39 2024,t3_1ft7how
nfl,38,765,Sun Oct  6 19:16:40 2024,
nfl,102,867,Sun Oct  6 19:16:42 2024,t3_1fxtvon
nfl,100,967,Sun Oct  6 19:16:45 2024,t3_1fxrgl1
nfl,33,1000,Sun Oct  6 19:16:46 2024,t3_1fxry2t
nhl,100,1100,Thu Oct 10 00:36:29 2024,t3_1fmb94i
nhl,100,1100,Thu Oct 10 00:36:34 2024,t3_1fmb94i
nhl,100,1100,Thu Oct 10 00:36:40 2024,t3_1fmb94i
nhl,100,1100,Thu Oct 10 00:36:43 2024,t3_1fmb94i
nhl,100,1100,Thu Oct 10 00:36:47 2024,t3_1fmb94i
nhl,100,1100,Thu Oct 10 00:36:50 2024,t3_1fmb94i
nhl,100,1100,Thu Oct 10 00:36:53 2024,t3_1fmb94i
nhl,100,1100,Thu Oct 10 00:36:56 2024,t3_1fmb94i
nhl,100,1100,Thu Oct 10 00:36:59 2024,t3_1fmb94i
nhl,100,1100,Thu Oct 10 00:37:03 2024,t3_1fmb94i
nfl,100,1100,Thu Oct 10 00:37:05 2024,t3_1fy9jcx
nfl,100,1100,Thu Oct 10 00:37:08 2024,t3_1fy9jcx
nfl,100,1100,Thu Oct 10 00:37:10 2024,t3_1fy9jcx
nfl,100,1100,Thu Oct 10 00:37:13 2024,t3_1fy9jcx
nfl,100,1100,Thu Oct 10 00:37:16 2024,t3_1fy9jcx
nfl,100,1100,Thu Oct 10 00:37:19 2024,t3_1fy9jcx
nfl,100,1100,Thu Oct 10 00:37:22 2024,t3_1fy9jcx
nfl,100,1100,Thu Oct 10 00:37:24 2024,t3_1fy9jcx
nfl,100,1100,Thu Oct 10 00:37:27 2024,t3_1fy9jcx
nfl,100,1100,Thu Oct 10 00:37:29 2024,t3_1fy9jcx
nhl,27,27,Thu Oct 10 08:58:42 2024,t3_1fyjkrh
nhl,100,127,Thu Oct 10 08:58:47 2024,t3_1fnxdqk
nhl,100,227,Thu Oct 10 08:58:51 2024,t3_1feugcy
nhl,100,327,Thu Oct 10 08:58:55 2024,t3_1ezza5l
nhl,100,427,Thu Oct 10 08:58:59 2024,t3_1egvdxd
nhl,100,527,Thu Oct 10 08:59:04 2024,t3_1e3geim
nhl,100,627,Thu Oct 10 08:59:07 2024,t3_1dsx3g7
nhl,100,727,Thu Oct 10 08:59:10 2024,t3_1dofuyf
nhl,100,827,Thu Oct 10 08:59:14 2024,t3_1djaexy
nhl,36,863,Thu Oct 10 08:59:15 2024,
nhl,102,965,Thu Oct 10 08:59:19 2024,t3_1fqtq6w
nhl,1,1001,Thu Oct 10 08:59:20 2024,t3_1fn23vj
nfl,27,27,Thu Oct 10 08:59:21 2024,t3_1fztib3
nfl,100,127,Thu Oct 10 08:59:24 2024,t3_1fz76ck
nfl,100,227,Thu Oct 10 08:59:28 2024,t3_1fylmai
nfl,100,327,Thu Oct 10 08:59:31 2024,t3_1fyf9k3
nfl,100,427,Thu Oct 10 08:59:34 2024,t3_1fxprvl
nfl,100,527,Thu Oct 10 08:59:38 2024,t3_1fxpkwt
nfl,100,627,Thu Oct 10 08:59:42 2024,t3_1fybkb3
nfl,100,727,Thu Oct 10 08:59:45 2024,t3_1fw420a
nfl,17,744,Thu Oct 10 08:59:46 2024,
nfl,102,846,Thu Oct 10 08:59:49 2024,t3_1fzgdau
nfl,100,946,Thu Oct 10 08:59:52 2024,t3_1fz3mss
nfl,54,1000,Thu Oct 10 08:59:53 2024,t3_1fyf77i
nfl,1,1001,Thu Oct 10 08:59:54 2024,t3_1fyk5ar
nhl,100,1100,Thu Oct 10 11:25:03 2024,t3_1fmb94i
nhl,100,1100,Thu Oct 10 11:25:06 2024,t3_1fmb94i
nhl,100,1100,Thu Oct 10 11:25:11 2024,t3_1fmb94i
nhl,100,1100,Thu Oct 10 11:25:15 2024,t3_1fmb94i
nhl,100,1100,Thu Oct 10 11:25:19 2024,t3_1fmb94i
nhl,100,1100,Thu Oct 10 11:25:23 2024,t3_1fmb94i
nhl,100,1100,Thu Oct 10 11:25:27 2024,t3_1fmb94i
nhl,100,1100,Thu Oct 10 11:25:31 2024,t3_1fmb94i
nhl,100,1100,Thu Oct 10 11:25:38 2024,t3_1fmb94i
nfl,100,1100,Thu Oct 10 11:25:42 2024,t3_1fyziks
nfl,100,1100,Thu Oct 10 11:25:45 2024,t3_1fyziks
nfl,100,1100,Thu Oct 10 11:25:49 2024,t3_1fyziks
nfl,100,1100,Thu Oct 10 11:25:52 2024,t3_1fyziks
nfl,100,1100,Thu Oct 10 11:25:56 2024,t3_1fyziks
nfl,100,1100,Thu Oct 10 11:25:59 2024,t3_1fyziks
nfl,100,1100,Thu Oct 10 11:26:03 2024,t3_1fyziks
nfl,100,1100,Thu Oct 10 11:26:06 2024,t3_1fyziks
nfl,100,1100,Thu Oct 10 11:26:10 2024,t3_1fyi2wc
nfl,100,1100,Thu Oct 10 11:26:13 2024,t3_1fyi2wc
nfl,27,27,Thu Oct 10 13:27:10 2024,t3_1fzvgrj
nhl,27,27,Thu Oct 10 16:52:33 2024,t3_1fzeqtn
nhl,100,127,Thu Oct 10 16:52:36 2024,t3_1fotuso
nhl,100,227,Thu Oct 10 16:52:39 2024,t3_1ffttrr
nhl,100,327,Thu Oct 10 16:52:43 2024,t3_1f27ufk
nhl,100,427,Thu Oct 10 16:52:46 2024,t3_1ejebze
nhl,100,527,Thu Oct 10 16:52:50 2024,t3_1e4ujvp
nhl,100,627,Thu Oct 10 16:52:53 2024,t3_1dtu7g2
nhl,100,727,Thu Oct 10 16:52:56 2024,t3_1dp79q9
nhl,100,827,Thu Oct 10 16:52:59 2024,t3_1dj4y5n
nhl,41,868,Thu Oct 10 16:53:00 2024,
nhl,102,970,Thu Oct 10 16:53:02 2024,t3_1frsl2c
nhl,30,1000,Thu Oct 10 16:53:03 2024,t3_1fofpa9
nfl,27,27,Thu Oct 10 16:53:04 2024,t3_1g0u8dy
nfl,100,127,Thu Oct 10 16:53:07 2024,t3_1fzr8pr
nfl,100,227,Thu Oct 10 16:53:10 2024,t3_1fyoplm
nfl,100,327,Thu Oct 10 16:53:13 2024,t3_1fxxg57
nfl,100,427,Thu Oct 10 16:53:15 2024,t3_1fxq4s6
nfl,100,527,Thu Oct 10 16:53:18 2024,t3_1fxwzdz
nfl,100,627,Thu Oct 10 16:53:20 2024,t3_1fwz1xq
nfl,100,727,Thu Oct 10 16:53:23 2024,t3_1fvq2xj
nfl,6,733,Thu Oct 10 16:53:24 2024,
nfl,102,835,Thu Oct 10 16:53:26 2024,t3_1g003oj
nfl,100,935,Thu Oct 10 16:53:29 2024,t3_1fynw3s
nfl,65,1000,Thu Oct 10 16:53:30 2024,t3_1fxxys0
nfl,1,1001,Thu Oct 10 16:53:31 2024,t3_1fynaxj
nhl,27,27,Thu Oct 10 18:41:09 2024,t3_1fzeqtn
nhl,100,127,Thu Oct 10 18:41:50 2024,t3_1fozcpu
nfl,100,127,Thu Oct 10 18:41:53 2024,t3_1fz3gz7
nhl,100,227,Thu Oct 10 18:41:56 2024,t3_1fozcpu
nfl,100,227,Thu Oct 10 18:41:59 2024,t3_1fz3gz7
nhl,100,327,Thu Oct 10 18:42:02 2024,t3_1fozcpu
nfl,100,327,Thu Oct 10 18:42:05 2024,t3_1fz3gz7
nhl,100,427,Thu Oct 10 18:42:09 2024,t3_1fozcpu
nfl,100,427,Thu Oct 10 18:42:11 2024,t3_1fz3gz7
nhl,100,527,Thu Oct 10 18:42:14 2024,t3_1fozcpu
nfl,100,527,Thu Oct 10 18:42:17 2024,t3_1fz3gz7
nhl,100,627,Thu Oct 10 18:42:21 2024,t3_1fozcpu
nfl,100,627,Thu Oct 10 18:42:24 2024,t3_1fz3gz7
nhl,100,727,Thu Oct 10 18:42:27 2024,t3_1fozcpu
nfl,100,727,Thu Oct 10 18:42:30 2024,t3_1fz3gz7
nhl,100,827,Thu Oct 10 18:42:33 2024,t3_1fozcpu
nfl,100,827,Thu Oct 10 18:42:35 2024,t3_1fz3gz7
nhl,100,927,Thu Oct 10 18:42:38 2024,t3_1fozcpu
nfl,100,927,Thu Oct 10 18:42:41 2024,t3_1fz3gz7
nhl,100,1027,Thu Oct 10 18:42:44 2024,t3_1fozcpu
nfl,100,1027,Thu Oct 10 18:42:47 2024,t3_1fz3gz7
nhl,100,1127,Thu Oct 10 18:44:16 2024,t3_1fozcpu
nfl,100,1127,Thu Oct 10 18:44:19 2024,t3_1fz3gz7
nhl,100,1227,Thu Oct 10 18:44:22 2024,t3_1fozcpu
nfl,100,1227,Thu Oct 10 18:44:25 2024,t3_1fz3gz7
nhl,100,1327,Thu Oct 10 18:44:28 2024,t3_1fozcpu
nfl,100,1327,Thu Oct 10 18:44:31 2024,t3_1fz3gz7
nhl,100,1427,Thu Oct 10 18:44:34 2024,t3_1fozcpu
nfl,100,1427,Thu Oct 10 18:44:37 2024,t3_1fz3gz7
nhl,100,1527,Thu Oct 10 18:44:41 2024,t3_1fozcpu
nfl,100,1527,Thu Oct 10 18:44:43 2024,t3_1fz3gz7
nhl,27,27,Thu Oct 10 19:24:29 2024,t3_1fzuqgk
nhl,27,27,Thu Oct 10 19:54:32 2024,t3_1fz5ksk
nfl,27,27,Thu Oct 10 19:54:33 2024,t3_1g0rw8g
nhl,100,127,Thu Oct 10 19:54:36 2024,t3_1fq74j6
nfl,100,127,Thu Oct 10 19:54:39 2024,t3_1fz2diy
nhl,100,227,Thu Oct 10 19:54:42 2024,t3_1fq74j6
nfl,100,227,Thu Oct 10 19:54:45 2024,t3_1fz2diy
nhl,100,327,Thu Oct 10 19:54:48 2024,t3_1fq74j6
nfl,100,327,Thu Oct 10 19:54:51 2024,t3_1fz2diy
nhl,100,427,Thu Oct 10 19:54:54 2024,t3_1fq74j6
nfl,100,427,Thu Oct 10 19:54:57 2024,t3_1fz2diy
nhl,100,527,Thu Oct 10 19:55:01 2024,t3_1fq74j6
nfl,100,527,Thu Oct 10 19:55:04 2024,t3_1fz2diy
nhl,100,627,Thu Oct 10 19:55:07 2024,t3_1fq74j6
nfl,100,627,Thu Oct 10 19:55:09 2024,t3_1fz2diy
nhl,100,727,Thu Oct 10 19:55:13 2024,t3_1fq74j6
nfl,100,727,Thu Oct 10 19:55:15 2024,t3_1fz2diy
nhl,100,827,Thu Oct 10 19:55:18 2024,t3_1fq74j6
nfl,100,827,Thu Oct 10 19:55:21 2024,t3_1fz2diy
nhl,100,927,Thu Oct 10 19:55:24 2024,t3_1fq74j6
nfl,100,927,Thu Oct 10 19:55:27 2024,t3_1fz2diy
nhl,100,1027,Thu Oct 10 19:55:30 2024,t3_1fq74j6
nfl,100,1027,Thu Oct 10 19:55:33 2024,t3_1fz2diy
nfl,100,1100,Tue Oct  8 00:05:55 2024,t3_1fxocap
nfl,100,1100,Tue Oct  8 01:05:59 2024,t3_1fvwwif
nfl,48,1048,Tue Oct  8 04:06:06 2024,
nfl,102,1102,Tue Oct  8 05:06:09 2024,t3_1fxi98g
nfl,100,1100,Tue Oct  8 06:06:12 2024,t3_1fy0j0y
nfl,100,1100,Tue Oct  8 07:06:15 2024,t3_1fxq3yk
nfl,100,1100,Tue Oct  8 08:06:18 2024,t3_1fxm2u0
nhl,27,27,Tue Oct  8 09:27:49 2024,t3_1fwqlro
nfl,27,27,Tue Oct  8 09:27:50 2024,t3_1fyqhjr
nhl,100,127,Tue Oct  8 09:28:26 2024,t3_1fleu18
nfl,100,127,Tue Oct  8 09:28:29 2024,t3_1fxq7i8
nhl,100,127,Tue Oct  8 10:28:35 2024,t3_1fleu18
nfl,100,127,Tue Oct  8 10:28:39 2024,t3_1fyeu75
nhl,27,27,Tue Oct  8 11:09:19 2024,t3_1fxo7m4
nfl,27,27,Tue Oct  8 11:09:20 2024,t3_1fyehwm
nhl,100,127,Tue Oct  8 11:09:42 2024,t3_1fm9vld
nfl,100,127,Tue Oct  8 11:09:45 2024,t3_1fxppph
nhl,100,127,Tue Oct  8 11:10:48 2024,t3_1fm9vld
nfl,100,127,Tue Oct  8 11:10:50 2024,t3_1fxppph
nhl,27,27,Tue Oct  8 11:33:58 2024,t3_1fxljhp
nhl,100,127,Tue Oct  8 11:34:01 2024,t3_1fmb94i
nhl,100,227,Tue Oct  8 11:34:05 2024,t3_1fbn5my
nhl,100,327,Tue Oct  8 11:34:08 2024,t3_1ewo27w
nhl,100,427,Tue Oct  8 11:34:12 2024,t3_1ect1g8
nhl,100,527,Tue Oct  8 11:34:15 2024,t3_1dyse1m
nhl,100,627,Tue Oct  8 11:34:18 2024,t3_1dskua0
nhl,100,727,Tue Oct  8 11:34:21 2024,t3_1dp8rxc
nhl,100,827,Tue Oct  8 11:34:24 2024,t3_1dgw3k0
nhl,38,865,Tue Oct  8 11:34:25 2024,
nhl,102,967,Tue Oct  8 11:34:28 2024,t3_1fo1v16
nhl,1,1001,Tue Oct  8 11:34:29 2024,t3_1fkqeld
nfl,27,27,Tue Oct  8 11:34:30 2024,t3_1fz45eq
nfl,100,127,Tue Oct  8 11:34:32 2024,t3_1fxqi6o
nfl,100,227,Tue Oct  8 11:34:35 2024,t3_1fxlhw5
nfl,100,327,Tue Oct  8 11:34:37 2024,t3_1fxlfh7
nfl,100,427,Tue Oct  8 11:34:40 2024,t3_1fxocap
nfl,100,527,Tue Oct  8 11:34:43 2024,t3_1fxp8po
nfl,100,627,Tue Oct  8 11:34:45 2024,t3_1fvo8mp
nfl,15,742,Tue Oct  8 11:34:48 2024,
nfl,102,844,Tue Oct  8 11:34:51 2024,t3_1fyziks
nfl,100,944,Tue Oct  8 11:34:53 2024,t3_1fxzw4k
nfl,1,1001,Tue Oct  8 11:34:55 2024,t3_1fxqamv
nhl,100,1100,Tue Oct  8 12:05:34 2024,t3_1fmb94i
nfl,100,1100,Tue Oct  8 12:05:36 2024,t3_1fxp6v1
nhl,27,27,Tue Oct  8 12:10:52 2024,t3_1fxljhp
nhl,100,127,Tue Oct  8 12:10:55 2024,t3_1fmb94i
nhl,100,227,Tue Oct  8 12:10:59 2024,t3_1fbn5my
nhl,100,327,Tue Oct  8 12:11:03 2024,t3_1ewo27w
nhl,100,427,Tue Oct  8 12:11:06 2024,t3_1ect1g8
nhl,100,527,Tue Oct  8 12:11:10 2024,t3_1dyse1m
nhl,100,627,Tue Oct  8 12:11:13 2024,t3_1dskua0
nhl,100,727,Tue Oct  8 12:11:16 2024,t3_1dp8rxc
nhl,100,827,Tue Oct  8 12:11:19 2024,t3_1dgw3k0
nhl,39,866,Tue Oct  8 12:11:20 2024,
nhl,102,968,Tue Oct  8 12:11:23 2024,t3_1fo1v16
nhl,32,1000,Tue Oct  8 12:11:24 2024,t3_1flkdh4
nhl,1,1001,Tue Oct  8 12:11:25 2024,t3_1flgb5f
nfl,100,127,Tue Oct  8 12:11:29 2024,t3_1fynzjg
nfl,100,227,Tue Oct  8 12:11:31 2024,t3_1fxz3bh
nfl,100,327,Tue Oct  8 12:11:34 2024,t3_1fxuwid
nfl,100,427,Tue Oct  8 12:11:37 2024,t3_1fxe05r
nfl,100,527,Tue Oct  8 12:11:40 2024,t3_1fxwel8
nfl,100,627,Tue Oct  8 12:11:43 2024,t3_1fvnh2q
nfl,15,742,Tue Oct  8 12:11:46 2024,
nfl,102,844,Tue Oct  8 12:11:49 2024,t3_1fy96qi
nfl,100,944,Tue Oct  8 12:11:51 2024,t3_1fxi639
nfl,56,1000,Tue Oct  8 12:11:52 2024,t3_1fy0j0y
nfl,1,1001,Tue Oct  8 12:11:53 2024,t3_1fxrhml
nhl,100,1100,Tue Oct  8 12:52:45 2024,t3_1fmb94i
nfl,100,1100,Tue Oct  8 12:52:48 2024,t3_1fyyvwf
nhl,100,1100,Tue Oct  8 12:53:52 2024,t3_1fmb94i
nfl,100,1100,Tue Oct  8 12:53:54 2024,t3_1fy00rt
nhl,100,1100,Tue Oct  8 12:54:58 2024,t3_1fmb94i
nfl,100,1100,Tue Oct  8 12:55:01 2024,t3_1fy00rt
nhl,100,1100,Tue Oct  8 12:56:04 2024,t3_1fmb94i
nfl,100,1100,Tue Oct  8 12:56:07 2024,t3_1fyyvwf
nhl,100,1100,Tue Oct  8 12:57:10 2024,t3_1fmb94i
nfl,100,1100,Tue Oct  8 12:57:13 2024,t3_1fyyvwf
nhl,100,1100,Tue Oct  8 12:58:18 2024,t3_1fmb94i
nfl,100,1100,Tue Oct  8 12:58:21 2024,t3_1fyyvwf
nhl,100,1100,Tue Oct  8 12:59:25 2024,t3_1fmb94i
nfl,100,1100,Tue Oct  8 12:59:28 2024,t3_1fynaxj
nhl,100,1100,Tue Oct  8 13:00:32 2024,t3_1fmb94i
nfl,100,1100,Tue Oct  8 13:00:35 2024,t3_1fynaxj
nhl,100,1100,Tue Oct  8 13:01:38 2024,t3_1fmb94i
nfl,100,1100,Tue Oct  8 13:01:41 2024,t3_1fynaxj
nhl,100,1100,Tue Oct  8 13:02:45 2024,t3_1fmb94i
nfl,100,1100,Tue Oct  8 13:02:48 2024,t3_1fynaxj
nhl,100,1100,Tue Oct  8 13:03:52 2024,t3_1fmb94i
nfl,100,1100,Tue Oct  8 13:03:55 2024,t3_1fynaxj
nhl,100,1100,Tue Oct  8 13:05:01 2024,t3_1fmb94i
nfl,100,1100,Tue Oct  8 13:05:05 2024,t3_1fynaxj
nhl,100,1100,Tue Oct  8 13:06:09 2024,t3_1fmb94i
nfl,100,1100,Tue Oct  8 13:06:12 2024,t3_1fynaxj
nhl,100,1100,Tue Oct  8 13:07:15 2024,t3_1fmb94i
nfl,100,1100,Tue Oct  8 13:07:18 2024,t3_1fyziks
nhl,100,1100,Tue Oct  8 13:08:21 2024,t3_1fmb94i
nfl,100,1100,Tue Oct  8 13:08:24 2024,t3_1fyziks
nhl,100,1100,Tue Oct  8 13:09:27 2024,t3_1fmb94i
nfl,100,1100,Tue Oct  8 13:09:30 2024,t3_1fyziks
nhl,100,1100,Tue Oct  8 13:10:33 2024,t3_1fmb94i
nfl,100,1100,Tue Oct  8 13:10:36 2024,t3_1fyziks
nhl,100,1100,Tue Oct  8 13:11:41 2024,t3_1fmb94i
nfl,100,1100,Tue Oct  8 13:11:45 2024,t3_1fynaxj
nhl,100,1100,Tue Oct  8 13:12:48 2024,t3_1fmb94i
nfl,100,1100,Tue Oct  8 13:12:51 2024,t3_1fynaxj
nhl,100,1100,Tue Oct  8 13:13:54 2024,t3_1fmb94i
nfl,100,1100,Tue Oct  8 13:13:57 2024,t3_1fynaxj
nhl,100,1100,Tue Oct  8 13:15:00 2024,t3_1fmb94i
nfl,100,1100,Tue Oct  8 13:15:03 2024,t3_1fy00rt
nhl,100,1100,Tue Oct  8 13:16:07 2024,t3_1fmb94i
nfl,100,1100,Tue Oct  8 13:16:09 2024,t3_1fynaxj
nhl,100,1100,Tue Oct  8 13:17:13 2024,t3_1fmb94i
nfl,100,1100,Tue Oct  8 13:17:15 2024,t3_1fyr0q6
nhl,100,1100,Tue Oct  8 13:18:19 2024,t3_1fmb94i
nfl,100,1100,Tue Oct  8 13:18:21 2024,t3_1fyr0q6
nhl,100,1100,Tue Oct  8 13:19:25 2024,t3_1fmb94i
nfl,100,1100,Tue Oct  8 13:19:27 2024,t3_1fyr0q6
nhl,100,1100,Tue Oct  8 13:20:31 2024,t3_1fmb94i
nfl,100,1100,Tue Oct  8 13:20:33 2024,t3_1fyr0q6
nhl,100,1100,Tue Oct  8 13:21:37 2024,t3_1fmb94i
nfl,100,1100,Tue Oct  8 13:21:39 2024,t3_1fyziks
nhl,100,1100,Tue Oct  8 13:22:43 2024,t3_1fmb94i
nfl,100,1100,Tue Oct  8 13:22:46 2024,t3_1fyyvwf
nhl,100,1100,Tue Oct  8 13:23:49 2024,t3_1fmb94i
nfl,100,1100,Tue Oct  8 13:23:52 2024,t3_1fy00rt
nhl,100,1100,Tue Oct  8 13:24:55 2024,t3_1fmb94i
nfl,100,1100,Tue Oct  8 13:24:58 2024,t3_1fy00rt
nhl,100,1100,Tue Oct  8 13:26:01 2024,t3_1fmb94i
nfl,100,1100,Tue Oct  8 13:26:04 2024,t3_1fyziks
nhl,100,1100,Tue Oct  8 13:27:11 2024,t3_1fmb94i
nfl,100,1100,Tue Oct  8 13:27:15 2024,t3_1fyziks
nhl,100,1100,Tue Oct  8 13:28:18 2024,t3_1fmb94i
nfl,100,1100,Tue Oct  8 13:28:21 2024,t3_1fyziks
nhl,100,1100,Tue Oct  8 13:29:24 2024,t3_1fmb94i
nfl,100,1100,Tue Oct  8 13:29:27 2024,t3_1fyziks
nhl,100,1100,Tue Oct  8 13:30:30 2024,t3_1fmb94i
nfl,100,1100,Tue Oct  8 13:30:34 2024,t3_1fyyvwf
nhl,100,1100,Tue Oct  8 13:31:37 2024,t3_1fmb94i
nfl,100,1100,Tue Oct  8 13:31:40 2024,t3_1fxxys0
nhl,100,1100,Tue Oct  8 13:32:44 2024,t3_1fmb94i
nfl,100,1100,Tue Oct  8 13:32:47 2024,t3_1fyjt7e
nhl,100,1100,Tue Oct  8 13:33:51 2024,t3_1fmb94i
nfl,100,1100,Tue Oct  8 13:33:54 2024,t3_1fyjt7e
nhl,100,1100,Tue Oct  8 13:34:57 2024,t3_1fmb94i
nfl,100,1100,Tue Oct  8 13:35:00 2024,t3_1fyjt7e
nhl,100,1100,Tue Oct  8 13:36:03 2024,t3_1fmb94i
nfl,100,1100,Tue Oct  8 13:36:06 2024,t3_1fyjt7e
nhl,100,1100,Tue Oct  8 13:37:09 2024,t3_1fmb94i
nfl,100,1100,Tue Oct  8 13:37:12 2024,t3_1fyco23
nhl,100,1100,Tue Oct  8 13:38:15 2024,t3_1fmb94i
nfl,100,1100,Tue Oct  8 13:38:18 2024,t3_1fyco23
nhl,100,1100,Tue Oct  8 13:39:21 2024,t3_1fmb94i
nfl,100,1100,Tue Oct  8 13:39:24 2024,t3_1fyco23
nhl,100,1100,Tue Oct  8 13:40:28 2024,t3_1fmb94i
nfl,100,1100,Tue Oct  8 13:40:31 2024,t3_1fyjt7e
nhl,100,1100,Tue Oct  8 13:41:34 2024,t3_1fmb94i
nfl,100,1100,Tue Oct  8 13:41:37 2024,t3_1fyco23
nhl,100,1100,Tue Oct  8 14:15:07 2024,t3_1fmb94i
nfl,100,1100,Tue Oct  8 14:15:09 2024,t3_1fy9jcx
nhl,100,1100,Tue Oct  8 14:16:13 2024,t3_1fmb94i
nfl,100,1100,Tue Oct  8 14:16:16 2024,t3_1fy9jcx
nhl,100,1100,Tue Oct  8 14:17:19 2024,t3_1fmb94i
nfl,100,1100,Tue Oct  8 14:17:22 2024,t3_1fy9jcx
nhl,100,1100,Tue Oct  8 18:47:44 2024,t3_1fmb94i
nfl,100,1100,Tue Oct  8 18:47:47 2024,t3_1fyg3zq
nhl,100,1100,Tue Oct  8 18:48:50 2024,t3_1fmb94i
nfl,100,1100,Tue Oct  8 18:48:53 2024,t3_1fy8iv7
nhl,100,1100,Tue Oct  8 18:49:56 2024,t3_1fmb94i
nfl,100,1100,Tue Oct  8 18:49:59 2024,t3_1fy8iv7
nhl,100,1100,Tue Oct  8 18:51:02 2024,t3_1fmb94i
nfl,100,1100,Tue Oct  8 18:51:05 2024,t3_1fy8iv7
nhl,100,1100,Tue Oct  8 18:52:09 2024,t3_1fmb94i
nfl,100,1100,Tue Oct  8 18:52:11 2024,t3_1fy8iv7
nhl,100,1100,Tue Oct  8 18:53:14 2024,t3_1fmb94i
nfl,100,1100,Tue Oct  8 18:53:17 2024,t3_1fyg3zq
nhl,100,1100,Tue Oct  8 18:54:20 2024,t3_1fmb94i
nfl,100,1100,Tue Oct  8 18:54:23 2024,t3_1fyg3zq
nhl,100,1100,Tue Oct  8 18:55:27 2024,t3_1fmb94i
nfl,100,1100,Tue Oct  8 18:55:29 2024,t3_1fyg3zq
nhl,100,1100,Tue Oct  8 18:56:32 2024,t3_1fmb94i
nfl,100,1100,Tue Oct  8 18:56:35 2024,t3_1fyg3zq
nhl,100,1100,Tue Oct  8 18:57:38 2024,t3_1fmb94i
nfl,100,1100,Tue Oct  8 18:57:41 2024,t3_1fyg3zq
nhl,100,1100,Tue Oct  8 18:58:44 2024,t3_1fmb94i
nfl,100,1100,Tue Oct  8 18:58:47 2024,t3_1fyg3zq
nhl,100,1100,Tue Oct  8 18:59:51 2024,t3_1fmb94i
nfl,100,1100,Tue Oct  8 18:59:53 2024,t3_1fyg3zq
nhl,100,1100,Tue Oct  8 19:00:57 2024,t3_1fmb94i
nfl,100,1100,Tue Oct  8 19:00:59 2024,t3_1fyg3zq
nhl,100,1100,Tue Oct  8 19:02:02 2024,t3_1fmb94i
nfl,100,1100,Tue Oct  8 19:02:05 2024,t3_1fylmai
nhl,100,1100,Tue Oct  8 19:03:08 2024,t3_1fmb94i
nfl,100,1100,Tue Oct  8 19:03:11 2024,t3_1fylmai
nhl,100,1100,Tue Oct  8 19:04:14 2024,t3_1fmb94i
nfl,100,1100,Tue Oct  8 19:04:16 2024,t3_1fylmai
nhl,100,1100,Tue Oct  8 19:05:19 2024,t3_1fmb94i
nfl,100,1100,Tue Oct  8 19:05:22 2024,t3_1fylmai
nhl,100,1100,Tue Oct  8 19:06:26 2024,t3_1fmb94i
nfl,100,1100,Tue Oct  8 19:06:28 2024,t3_1fylmai
nhl,100,1100,Tue Oct  8 19:07:32 2024,t3_1fmb94i
nfl,100,1100,Tue Oct  8 19:07:34 2024,t3_1fylmai
nhl,100,1100,Tue Oct  8 19:08:37 2024,t3_1fmb94i
nfl,100,1100,Tue Oct  8 19:08:40 2024,t3_1fylmai
nhl,100,1100,Tue Oct  8 19:09:43 2024,t3_1fmb94i
nfl,100,1100,Tue Oct  8 19:09:46 2024,t3_1fylmai
nhl,100,1100,Tue Oct  8 19:10:49 2024,t3_1fmb94i
nfl,100,1100,Tue Oct  8 19:10:52 2024,t3_1fylmai
nhl,100,1100,Tue Oct  8 19:11:55 2024,t3_1fmb94i
nfl,100,1100,Tue Oct  8 19:11:58 2024,t3_1fylmai
nhl,100,1100,Tue Oct  8 19:13:02 2024,t3_1fmb94i
nfl,100,1100,Tue Oct  8 19:13:04 2024,t3_1fylmai
nhl,100,1100,Tue Oct  8 19:14:08 2024,t3_1fmb94i
nfl,100,1100,Tue Oct  8 19:14:10 2024,t3_1fylmai
nhl,100,1100,Tue Oct  8 19:15:13 2024,t3_1fmb94i
nfl,100,1100,Tue Oct  8 19:15:16 2024,t3_1fylmai
nhl,100,1100,Tue Oct  8 19:16:19 2024,t3_1fmb94i
nfl,100,1100,Tue Oct  8 19:16:22 2024,t3_1fylmai
nhl,100,1100,Tue Oct  8 19:17:26 2024,t3_1fmb94i
nfl,100,1100,Tue Oct  8 19:17:29 2024,t3_1fylmai
nhl,100,1100,Tue Oct  8 19:18:32 2024,t3_1fmb94i
nfl,100,1100,Tue Oct  8 19:18:35 2024,t3_1fylmai
nhl,100,1100,Tue Oct  8 19:19:38 2024,t3_1fmb94i
nfl,100,1100,Tue Oct  8 19:19:41 2024,t3_1fyq9w6
nhl,100,1100,Tue Oct  8 19:20:45 2024,t3_1fmb94i
nfl,100,1100,Tue Oct  8 19:20:48 2024,t3_1fyq9w6
nhl,100,1100,Tue Oct  8 19:21:51 2024,t3_1fmb94i
nfl,100,1100,Tue Oct  8 19:21:53 2024,t3_1fyq9w6
nhl,100,1100,Tue Oct  8 23:50:07 2024,t3_1fmb94i
nfl,100,1100,Tue Oct  8 23:50:10 2024,t3_1fy9jcx
nhl,100,1100,Tue Oct  8 23:51:13 2024,t3_1fmb94i
nfl,100,1100,Tue Oct  8 23:51:16 2024,t3_1fy9jcx
nhl,100,1100,Tue Oct  8 23:52:19 2024,t3_1fmb94i
nfl,100,1100,Tue Oct  8 23:52:22 2024,t3_1fy9jcx
nhl,100,1100,Tue Oct  8 23:53:25 2024,t3_1fmb94i
nfl,100,1100,Tue Oct  8 23:53:27 2024,t3_1fy9jcx
nhl,100,1100,Tue Oct  8 23:54:31 2024,t3_1fmb94i
nfl,100,1100,Tue Oct  8 23:54:34 2024,t3_1fy9jcx
nhl,100,1100,Tue Oct  8 23:55:37 2024,t3_1fmb94i
nfl,100,1100,Tue Oct  8 23:55:40 2024,t3_1fy9jcx
nhl,100,1100,Tue Oct  8 23:56:43 2024,t3_1fmb94i
nfl,100,1100,Tue Oct  8 23:56:45 2024,t3_1fy9jcx
nhl,100,1100,Tue Oct  8 23:57:49 2024,t3_1fmb94i
nfl,100,1100,Tue Oct  8 23:57:53 2024,t3_1fy9jcx
nhl,100,1100,Tue Oct  8 23:58:56 2024,t3_1fmb94i
nfl,100,1100,Tue Oct  8 23:58:59 2024,t3_1fy9jcx
nhl,100,1100,Wed Oct  9 00:00:02 2024,t3_1fmb94i
nfl,100,1100,Wed Oct  9 00:00:05 2024,t3_1fy9jcx
nhl,27,27,Wed Oct  9 01:45:36 2024,t3_1fyafsw
nhl,100,127,Wed Oct  9 01:45:39 2024,t3_1fn88eq
nhl,100,227,Wed Oct  9 01:45:44 2024,t3_1fegq5t
nhl,100,327,Wed Oct  9 01:45:47 2024,t3_1eymirh
nhl,100,427,Wed Oct  9 01:45:50 2024,t3_1ef9tnp
nhl,100,527,Wed Oct  9 01:45:53 2024,t3_1e10i5h
nhl,100,627,Wed Oct  9 01:45:56 2024,t3_1dszarq
nhl,100,727,Wed Oct  9 01:45:59 2024,t3_1domw40
nhl,100,827,Wed Oct  9 01:46:02 2024,t3_1dhhzlg
nhl,40,867,Wed Oct  9 01:46:03 2024,
nhl,102,969,Wed Oct  9 01:46:06 2024,t3_1frcht8
nhl,31,1000,Wed Oct  9 01:46:07 2024,t3_1fmd8fl
nfl,27,27,Wed Oct  9 01:46:08 2024,t3_1fz7djt
nfl,100,127,Wed Oct  9 01:46:10 2024,t3_1fykpds
nfl,100,227,Wed Oct  9 01:46:13 2024,t3_1fxm5ik
nfl,100,327,Wed Oct  9 01:46:15 2024,t3_1fxh8dk
nfl,100,427,Wed Oct  9 01:46:18 2024,t3_1fxnd8v
nfl,100,527,Wed Oct  9 01:46:21 2024,t3_1fwwk3o
nfl,100,627,Wed Oct  9 01:46:24 2024,t3_1fw7wu2
nfl,100,727,Wed Oct  9 01:46:26 2024,t3_1fvddyx
nfl,20,747,Wed Oct  9 01:46:27 2024,
nfl,102,849,Wed Oct  9 01:46:29 2024,t3_1fyh411
nfl,100,949,Wed Oct  9 01:46:32 2024,t3_1fxqmeo
nfl,51,1000,Wed Oct  9 01:46:33 2024,t3_1fyf9k3
nhl,27,27,Wed Oct  9 01:48:43 2024,t3_1fyafsw
nhl,100,127,Wed Oct  9 01:48:46 2024,t3_1fn88eq
nhl,100,227,Wed Oct  9 01:48:50 2024,t3_1fegq5t
nhl,100,327,Wed Oct  9 01:48:53 2024,t3_1eymirh
nhl,100,427,Wed Oct  9 01:48:56 2024,t3_1ef9tnp
nhl,100,527,Wed Oct  9 01:49:00 2024,t3_1e10i5h
nhl,100,627,Wed Oct  9 01:49:03 2024,t3_1dszarq
nhl,100,727,Wed Oct  9 01:49:06 2024,t3_1domw40
nhl,100,827,Wed Oct  9 01:49:08 2024,t3_1dhhzlg
nhl,40,867,Wed Oct  9 01:49:10 2024,
nhl,102,969,Wed Oct  9 01:49:13 2024,t3_1frcht8
nhl,31,1000,Wed Oct  9 01:49:14 2024,t3_1fmd8fl
nfl,27,27,Wed Oct  9 01:49:15 2024,t3_1fz7djt
nfl,100,127,Wed Oct  9 01:49:17 2024,t3_1fykpds
nfl,100,227,Wed Oct  9 01:49:20 2024,t3_1fxm5ik
nfl,100,327,Wed Oct  9 01:49:22 2024,t3_1fxh8dk
nfl,100,427,Wed Oct  9 01:49:25 2024,t3_1fxnd8v
nfl,100,527,Wed Oct  9 01:49:28 2024,t3_1fwwk3o
nfl,100,627,Wed Oct  9 01:49:31 2024,t3_1fw7wu2
nfl,100,727,Wed Oct  9 01:49:33 2024,t3_1fvddyx
nfl,20,747,Wed Oct  9 01:49:34 2024,
nfl,102,849,Wed Oct  9 01:49:37 2024,t3_1fyh411
nfl,100,949,Wed Oct  9 01:49:39 2024,t3_1fxqmeo
nfl,51,1000,Wed Oct  9 01:49:40 2024,t3_1fyf9k3
nfl,1,1001,Wed Oct  9 01:49:41 2024,t3_1fxpsp1
nhl,100,1100,Wed Oct  9 01:52:41 2024,t3_1fmb94i
nhl,27,27,Wed Oct  9 09:04:34 2024,t3_1fyafsw
nhl,100,127,Wed Oct  9 09:04:37 2024,t3_1fn88eq
nhl,100,227,Wed Oct  9 09:04:42 2024,t3_1feidec
nhl,100,327,Wed Oct  9 09:04:46 2024,t3_1exy2lf
nhl,100,427,Wed Oct  9 09:04:51 2024,t3_1ef7i0n
nhl,100,527,Wed Oct  9 09:04:55 2024,t3_1e2hkgy
nhl,100,627,Wed Oct  9 09:04:58 2024,t3_1dswavm
nhl,100,727,Wed Oct  9 09:05:02 2024,t3_1dobiln
nhl,100,827,Wed Oct  9 09:05:05 2024,t3_1dhwj99
nhl,41,868,Wed Oct  9 09:05:07 2024,
nhl,102,970,Wed Oct  9 09:05:11 2024,t3_1fr2b48
nhl,30,1000,Wed Oct  9 09:05:12 2024,t3_1fn23vj
nfl,27,27,Wed Oct  9 09:05:13 2024,t3_1fz7ex7
nfl,100,127,Wed Oct  9 09:05:17 2024,t3_1fyqhp7
nfl,100,227,Wed Oct  9 09:05:22 2024,t3_1fxpomj
nfl,100,327,Wed Oct  9 09:05:27 2024,t3_1fxtv9z
nfl,100,427,Wed Oct  9 09:05:32 2024,t3_1fxn00l
nfl,100,527,Wed Oct  9 09:05:36 2024,t3_1fz4ekp
nfl,100,627,Wed Oct  9 09:05:41 2024,t3_1fw3j5m
nfl,100,727,Wed Oct  9 09:05:45 2024,t3_1fvjbj8
nfl,20,747,Wed Oct  9 09:05:46 2024,
nfl,102,849,Wed Oct  9 09:05:51 2024,t3_1fypsbl
nfl,100,949,Wed Oct  9 09:05:55 2024,t3_1fxtj01
nfl,1,1001,Wed Oct  9 09:05:57 2024,t3_1fxlpzm
nhl,100,1100,Wed Oct  9 09:09:05 2024,t3_1fmb94i
nhl,27,27,Wed Oct  9 10:36:46 2024,t3_1fyl8kw
nhl,100,127,Wed Oct  9 10:36:49 2024,t3_1fp4tnt
nhl,100,227,Wed Oct  9 10:36:53 2024,t3_1fel3oq
nhl,100,327,Wed Oct  9 10:36:56 2024,t3_1eynw5f
nhl,100,427,Wed Oct  9 10:37:01 2024,t3_1ege1w4
nhl,100,527,Wed Oct  9 10:37:05 2024,t3_1e2fnbj
nhl,100,627,Wed Oct  9 10:37:08 2024,t3_1dszmtd
nhl,100,727,Wed Oct  9 10:37:10 2024,t3_1doc0iy
nhl,100,827,Wed Oct  9 10:37:13 2024,t3_1dijp6f
nhl,42,869,Wed Oct  9 10:37:15 2024,
nhl,29,1000,Wed Oct  9 10:37:18 2024,t3_1fn9dyl
nfl,27,27,Wed Oct  9 10:37:19 2024,t3_1fz3cvb
nfl,100,127,Wed Oct  9 10:37:22 2024,t3_1fyy0to
nfl,100,227,Wed Oct  9 10:37:25 2024,t3_1fxn6yh
nfl,100,327,Wed Oct  9 10:37:27 2024,t3_1fy0j0y
nfl,100,427,Wed Oct  9 10:37:30 2024,t3_1fxmfkc
nfl,100,527,Wed Oct  9 10:37:32 2024,t3_1fwwl1r
nfl,100,627,Wed Oct  9 10:37:36 2024,t3_1fw20gu
nfl,100,727,Wed Oct  9 10:37:38 2024,t3_1fvbnv4
nfl,21,748,Wed Oct  9 10:37:39 2024,
nfl,102,850,Wed Oct  9 10:37:42 2024,t3_1fyzutw
nfl,100,950,Wed Oct  9 10:37:45 2024,t3_1fyhwj1
nfl,1,1001,Wed Oct  9 10:37:46 2024,t3_1fxpr6z
nhl,100,1100,Wed Oct  9 11:08:31 2024,t3_1fmb94i
nfl,100,1100,Wed Oct  9 11:09:33 2024,t3_1fyr0q6
nhl,100,1100,Wed Oct  9 12:00:50 2024,t3_1fmb94i
nhl,100,1100,Wed Oct  9 12:00:53 2024,t3_1fmb94i
nhl,100,1100,Wed Oct  9 12:00:57 2024,t3_1fmb94i
nhl,100,1100,Wed Oct  9 12:01:00 2024,t3_1fmb94i
nhl,100,1100,Wed Oct  9 12:01:04 2024,t3_1fmb94i
nhl,100,1100,Wed Oct  9 12:01:07 2024,t3_1fmb94i
nhl,100,1100,Wed Oct  9 12:01:11 2024,t3_1fmb94i
nhl,100,1100,Wed Oct  9 12:01:14 2024,t3_1fmb94i
nhl,100,1100,Wed Oct  9 12:01:17 2024,t3_1fmb94i
nhl,100,1100,Wed Oct  9 12:01:20 2024,t3_1fmb94i
nfl,100,1100,Wed Oct  9 12:01:22 2024,t3_1fy9jcx
nfl,100,1100,Wed Oct  9 12:01:25 2024,t3_1fy9jcx
nfl,100,1100,Wed Oct  9 12:01:28 2024,t3_1fy9jcx
nfl,100,1100,Wed Oct  9 12:01:30 2024,t3_1fy9jcx
nfl,100,1100,Wed Oct  9 12:01:33 2024,t3_1fy9jcx
nfl,100,1100,Wed Oct  9 12:01:36 2024,t3_1fy9jcx
nfl,100,1100,Wed Oct  9 12:01:39 2024,t3_1fy9jcx
nfl,100,1100,Wed Oct  9 12:01:41 2024,t3_1fyr0q6
nfl,100,1100,Wed Oct  9 12:01:44 2024,t3_1fyr0q6
nfl,100,1100,Wed Oct  9 12:01:47 2024,t3_1fyr0q6
nhl,100,1100,Wed Oct  9 12:41:08 2024,t3_1fmb94i
nhl,100,1100,Wed Oct  9 12:41:12 2024,t3_1fmb94i
nhl,100,1100,Wed Oct  9 12:41:15 2024,t3_1fmb94i
nhl,100,1100,Wed Oct  9 12:41:19 2024,t3_1fmb94i
nhl,100,1100,Wed Oct  9 12:41:22 2024,t3_1fmb94i
nhl,100,1100,Wed Oct  9 12:41:25 2024,t3_1fmb94i
nhl,100,1100,Wed Oct  9 12:41:28 2024,t3_1fmb94i
nhl,100,1100,Wed Oct  9 12:41:32 2024,t3_1fmb94i
nhl,100,1100,Wed Oct  9 12:41:35 2024,t3_1fmb94i
nhl,100,1100,Wed Oct  9 12:41:39 2024,t3_1fmb94i
nfl,100,1100,Wed Oct  9 12:41:41 2024,t3_1fy9jcx
nfl,100,1100,Wed Oct  9 12:41:45 2024,t3_1fy9jcx
nfl,100,1100,Wed Oct  9 12:41:47 2024,t3_1fy9jcx
nfl,100,1100,Wed Oct  9 12:41:50 2024,t3_1fy9jcx
nfl,100,1100,Wed Oct  9 12:41:53 2024,t3_1fy9jcx
nfl,100,1100,Wed Oct  9 12:41:56 2024,t3_1fy9jcx
nfl,100,1100,Wed Oct  9 12:41:58 2024,t3_1fy9jcx
nfl,100,1100,Wed Oct  9 12:42:01 2024,t3_1fy9jcx
nfl,100,1100,Wed Oct  9 12:42:03 2024,t3_1fy9jcx
nfl,100,1100,Wed Oct  9 12:42:06 2024,t3_1fy9jcx
nhl,100,1100,Wed Oct  9 13:14:03 2024,t3_1fmb94i
nhl,100,1100,Wed Oct  9 13:14:06 2024,t3_1fmb94i
nhl,100,1100,Wed Oct  9 13:14:09 2024,t3_1fmb94i
nhl,100,1100,Wed Oct  9 13:14:12 2024,t3_1fmb94i
nhl,100,1100,Wed Oct  9 13:14:16 2024,t3_1fmb94i
nhl,100,1100,Wed Oct  9 13:14:19 2024,t3_1fmb94i
nhl,100,1100,Wed Oct  9 13:14:22 2024,t3_1fmb94i
nhl,100,1100,Wed Oct  9 13:14:26 2024,t3_1fmb94i
nhl,100,1100,Wed Oct  9 13:14:29 2024,t3_1fmb94i
nhl,100,1100,Wed Oct  9 13:14:32 2024,t3_1fmb94i
nfl,100,1100,Wed Oct  9 13:14:35 2024,t3_1fyzjz3
nfl,100,1100,Wed Oct  9 13:14:38 2024,t3_1fyzjz3
nfl,100,1100,Wed Oct  9 13:14:41 2024,t3_1fyzjz3
nfl,100,1100,Wed Oct  9 13:14:44 2024,t3_1fyzjz3
nfl,100,1100,Wed Oct  9 13:14:47 2024,t3_1fyzjz3
nfl,100,1100,Wed Oct  9 13:14:50 2024,t3_1fyzjz3
nfl,100,1100,Wed Oct  9 13:14:53 2024,t3_1fyzjz3
nfl,100,1100,Wed Oct  9 13:14:55 2024,t3_1fyzjz3
nfl,100,1100,Wed Oct  9 13:14:58 2024,t3_1fyzjz3
nfl,100,1100,Wed Oct  9 13:15:01 2024,t3_1fyzjz3
nhl,100,1100,Wed Oct  9 15:12:00 2024,t3_1fmb94i
nhl,100,1100,Wed Oct  9 15:12:03 2024,t3_1fmb94i
nhl,100,1100,Wed Oct  9 15:12:07 2024,t3_1fmb94i
nhl,100,1100,Wed Oct  9 15:12:10 2024,t3_1fmb94i
nhl,100,1100,Wed Oct  9 15:12:13 2024,t3_1fmb94i
nhl,100,1100,Wed Oct  9 15:12:16 2024,t3_1fmb94i
nhl,100,1100,Wed Oct  9 15:12:20 2024,t3_1fmb94i
nhl,100,1100,Wed Oct  9 15:12:23 2024,t3_1fmb94i
nhl,100,1100,Wed Oct  9 15:12:26 2024,t3_1fmb94i
nhl,100,1100,Wed Oct  9 15:12:29 2024,t3_1fmb94i
nfl,100,1100,Wed Oct  9 15:12:32 2024,t3_1fyco23
nfl,100,1100,Wed Oct  9 15:12:34 2024,t3_1fyco23
nfl,100,1100,Wed Oct  9 15:12:37 2024,t3_1fyco23
nfl,100,1100,Wed Oct  9 15:12:39 2024,t3_1fyco23
nfl,100,1100,Wed Oct  9 15:12:42 2024,t3_1fyco23
nfl,100,1100,Wed Oct  9 15:12:45 2024,t3_1fyco23
nfl,100,1100,Wed Oct  9 15:12:47 2024,t3_1fyco23
nfl,100,1100,Wed Oct  9 15:12:50 2024,t3_1fyco23
nfl,100,1100,Wed Oct  9 15:12:53 2024,t3_1fyco23
nfl,100,1100,Wed Oct  9 15:12:55 2024,t3_1fyco23
nhl,100,1100,Wed Oct  9 16:07:07 2024,t3_1fmb94i
nhl,100,1100,Wed Oct  9 16:07:10 2024,t3_1fmb94i
nhl,100,1100,Wed Oct  9 16:07:14 2024,t3_1fmb94i
nhl,100,1100,Wed Oct  9 16:07:16 2024,t3_1fmb94i
nhl,100,1100,Wed Oct  9 16:07:20 2024,t3_1fmb94i
nhl,100,1100,Wed Oct  9 16:07:23 2024,t3_1fmb94i
nhl,100,1100,Wed Oct  9 16:07:26 2024,t3_1fmb94i
nhl,100,1100,Wed Oct  9 16:07:30 2024,t3_1fmb94i
nhl,100,1100,Wed Oct  9 16:07:33 2024,t3_1fmb94i
nhl,100,1100,Wed Oct  9 16:07:36 2024,t3_1fmb94i
nfl,100,1100,Wed Oct  9 16:07:39 2024,t3_1fyzjz3
nfl,100,1100,Wed Oct  9 16:07:42 2024,t3_1fyzjz3
nfl,100,1100,Wed Oct  9 16:07:45 2024,t3_1fyzjz3
nfl,100,1100,Wed Oct  9 16:07:47 2024,t3_1fyzjz3
nfl,100,1100,Wed Oct  9 16:07:50 2024,t3_1fyzjz3
nfl,100,1100,Wed Oct  9 16:07:53 2024,t3_1fyzjz3
nfl,100,1100,Wed Oct  9 16:07:56 2024,t3_1fyzjz3
nfl,100,1100,Wed Oct  9 16:07:58 2024,t3_1fyzjz3
nfl,100,1100,Wed Oct  9 16:08:01 2024,t3_1fyzjz3
nfl,100,1100,Wed Oct  9 16:08:03 2024,t3_1fyzjz3
nhl,100,1100,Wed Oct  9 20:00:13 2024,t3_1fmb94i
nhl,100,1100,Wed Oct  9 20:00:16 2024,t3_1fmb94i
nhl,100,1100,Wed Oct  9 20:00:20 2024,t3_1fmb94i
nhl,100,1100,Wed Oct  9 20:00:23 2024,t3_1fmb94i
nhl,100,1100,Wed Oct  9 20:00:26 2024,t3_1fmb94i
nhl,100,1100,Wed Oct  9 20:00:30 2024,t3_1fmb94i
nhl,100,1100,Wed Oct  9 20:00:33 2024,t3_1fmb94i
nhl,100,1100,Wed Oct  9 20:00:36 2024,t3_1fmb94i
nhl,100,1100,Wed Oct  9 20:00:38 2024,t3_1fmb94i
nhl,100,1100,Wed Oct  9 20:00:41 2024,t3_1fmb94i
nfl,100,1100,Wed Oct  9 20:00:44 2024,t3_1fyziks
nfl,100,1100,Wed Oct  9 20:00:47 2024,t3_1fyziks
nfl,100,1100,Wed Oct  9 20:00:50 2024,t3_1fyziks
nfl,100,1100,Wed Oct  9 20:00:53 2024,t3_1fyziks
nfl,100,1100,Wed Oct  9 20:00:55 2024,t3_1fyziks
nfl,100,1100,Wed Oct  9 20:00:58 2024,t3_1fyziks
nfl,100,1100,Wed Oct  9 20:01:01 2024,t3_1fyziks
nfl,100,1100,Wed Oct  9 20:01:03 2024,t3_1fyziks
nfl,100,1100,Wed Oct  9 20:01:06 2024,t3_1fyziks
nfl,100,1100,Wed Oct  9 20:01:09 2024,t3_1fyziks
nhl,27,27,Wed Oct  9 20:06:58 2024,t3_1fyjkrh
nhl,100,127,Wed Oct  9 20:07:01 2024,t3_1fnsj26
nhl,100,227,Wed Oct  9 20:07:05 2024,t3_1ff9sv4
nhl,100,327,Wed Oct  9 20:07:09 2024,t3_1ezmdil
nhl,100,427,Wed Oct  9 20:07:12 2024,t3_1egogte
nhl,100,527,Wed Oct  9 20:07:15 2024,t3_1e4sibp
nhl,100,627,Wed Oct  9 20:07:18 2024,t3_1dt2vq5
nhl,100,727,Wed Oct  9 20:07:21 2024,t3_1doq4l0
nhl,100,827,Wed Oct  9 20:07:24 2024,t3_1dibjxg
nhl,39,866,Wed Oct  9 20:07:25 2024,
nhl,102,968,Wed Oct  9 20:07:28 2024,t3_1fqtpc5
nhl,32,1000,Wed Oct  9 20:07:29 2024,t3_1fn9f89
nfl,27,27,Wed Oct  9 20:07:30 2024,t3_1fzv370
nfl,100,127,Wed Oct  9 20:07:32 2024,t3_1fyng0j
nfl,100,227,Wed Oct  9 20:07:35 2024,t3_1fynzjg
nfl,100,327,Wed Oct  9 20:07:38 2024,t3_1fxo4nm
nfl,100,427,Wed Oct  9 20:07:40 2024,t3_1fxuwid
nfl,100,527,Wed Oct  9 20:07:43 2024,t3_1fxn6s7
nfl,100,627,Wed Oct  9 20:07:46 2024,t3_1fwvk8z
nfl,27,754,Wed Oct  9 20:07:49 2024,
nfl,102,856,Wed Oct  9 20:07:52 2024,t3_1fzc60f
nfl,100,956,Wed Oct  9 20:07:54 2024,t3_1fy96qi
nfl,44,1000,Wed Oct  9 20:07:55 2024,t3_1fykimt
nfl,1,1001,Wed Oct  9 20:07:56 2024,t3_1fyeu75
nhl,100,1100,Wed Oct  9 20:10:17 2024,t3_1fmb94i
nhl,100,1100,Wed Oct  9 20:10:20 2024,t3_1fmb94i
nhl,100,1100,Wed Oct  9 20:10:23 2024,t3_1fmb94i
nhl,100,1100,Wed Oct  9 20:10:27 2024,t3_1fmb94i
nhl,100,1100,Wed Oct  9 20:10:30 2024,t3_1fmb94i
nhl,100,1100,Wed Oct  9 20:10:33 2024,t3_1fmb94i
nhl,100,1100,Wed Oct  9 20:10:37 2024,t3_1fmb94i
nhl,100,1100,Wed Oct  9 20:10:39 2024,t3_1fmb94i
nhl,100,1100,Wed Oct  9 20:10:42 2024,t3_1fmb94i
nhl,100,1100,Wed Oct  9 20:10:45 2024,t3_1fmb94i
nfl,100,1100,Wed Oct  9 20:10:47 2024,t3_1fyziks
nfl,100,1100,Wed Oct  9 20:10:50 2024,t3_1fyziks
nfl,100,1100,Wed Oct  9 20:10:53 2024,t3_1fyziks
nfl,100,1100,Wed Oct  9 20:10:56 2024,t3_1fyziks
nfl,100,1100,Wed Oct  9 20:10:59 2024,t3_1fyziks
nfl,100,1100,Wed Oct  9 20:11:01 2024,t3_1fyziks
nfl,100,1100,Wed Oct  9 20:11:04 2024,t3_1fyziks
nfl,100,1100,Wed Oct  9 20:11:07 2024,t3_1fyziks
nfl,100,1100,Wed Oct  9 20:11:10 2024,t3_1fyziks
nfl,100,1100,Wed Oct  9 20:11:12 2024,t3_1fyziks
nhl,100,1100,Wed Oct  9 22:43:59 2024,t3_1fmb94i
nhl,100,1100,Wed Oct  9 22:44:02 2024,t3_1fmb94i
nhl,100,1100,Wed Oct  9 22:44:06 2024,t3_1fmb94i
nhl,100,1100,Wed Oct  9 22:44:09 2024,t3_1fmb94i
nhl,100,1100,Wed Oct  9 22:44:13 2024,t3_1fmb94i
nhl,100,1100,Wed Oct  9 22:44:16 2024,t3_1fmb94i
nhl,100,1100,Wed Oct  9 22:44:19 2024,t3_1fmb94i
nhl,100,1100,Wed Oct  9 22:44:23 2024,t3_1fmb94i
nhl,100,1100,Wed Oct  9 22:44:27 2024,t3_1fmb94i
nhl,100,1100,Wed Oct  9 22:44:30 2024,t3_1fmb94i
nfl,100,1100,Wed Oct  9 22:44:34 2024,t3_1fyco23
nfl,100,1100,Wed Oct  9 22:44:36 2024,t3_1fyco23
nfl,100,1100,Wed Oct  9 22:44:40 2024,t3_1fyco23
nfl,100,1100,Wed Oct  9 22:44:43 2024,t3_1fyco23
nfl,100,1100,Wed Oct  9 22:44:47 2024,t3_1fyco23
nfl,100,1100,Wed Oct  9 22:44:50 2024,t3_1fyco23
nfl,100,1100,Wed Oct  9 22:44:53 2024,t3_1fyco23
nfl,100,1100,Wed Oct  9 22:44:55 2024,t3_1fyco23
nfl,100,1100,Wed Oct  9 22:44:58 2024,t3_1fyco23
nfl,100,1100,Wed Oct  9 22:45:02 2024,t3_1fyco23
